{"cameraMode":{"drawMode":0,"name":"Shaded","section":"Shading Mode"},"sceneLighting":false,"audioPlay":false,"sceneViewState":{"showFog":true,"showMaterialUpdate":false,"showSkybox":false,"showFlares":true,"showImageEffects":true,"showParticleSystems":true},"in2DMode":false,"pivot":{"x":0.8169999718666077,"y":-0.20000000298023225,"z":10.300000190734864},"rotation":{"x":-0.01469764206558466,"y":-0.7569871544837952,"z":0.6530588269233704,"w":-0.017056675627827646},"size":1.8255864381790162,"orthographic":false}